hot_layer,cold_layer,fit_start_ps,fit_end_ps,fit_duration_ps,DeltaT0_K,DeltaT_end_K,end_fraction_threshold_reached,mean_interface_T_K,mean_system_T_K,mean_atom_weighted_layer_T_K,T0_target_K,DT0_target_K,CHI,LJMODE,seed,T_mos_target_K,T_aln_target_K,N_mos2,N_aln,area_A2,area_nm2,G_sym_W_m2K,G_sym_MW_m2K,G_sym_OLS_SE_MW_m2K,R_sym_m2K_W,R_sym_x1e8_m2K_W,R2_energy_sym,energy_fit_RMSE_eV,G_hot_MW_m2K,R2_hot,G_cold_MW_m2K,R2_cold,side_fit_disagreement_pct,tau_exp_ps,R2_exp_DeltaT,R2_log_DeltaT,energy_drift_eV_per_ns,energy_drift_pct_KE_per_ns,energy_peak_to_peak_meV_per_atom,gap_mean_A,gap_std_A,gap_drift_A_per_100ps,rms_upperS_mean_A,rms_AlN_mean_A,E_LJ_mean_eV,E_LJ_std_eV,partition_error_max_abs_eV,natoms,file,run_name,n_raw_points,n_block_points,raw_output_dt_ps,block_ps,nominal_temperature_K,end_fraction,mean_system_T_deviation_K,DeltaT0_deviation_pct,block_sensitivity_G_span_pct,fit_start_sensitivity_G_span_pct,fit_end_sensitivity_G_span_pct,quality_flags,advisory_flags,qc_pass,figure_files
MoS2,h-AlN,1.0,98.5,97.5,49.121858795166986,12.694502212181987,True,293.3338817821218,297.0284012348858,297.0119281425527,300.0,50.0,1.0,LB,1000001,317.95252225519005,267.95252225519005,6912.0,3872.0,19451.936377515,194.51936377515003,7576620.8923566425,7.576620892356643,0.05599083876263334,1.3198495928558445e-07,13.198495928558446,0.9895164688713298,0.6880665441690184,7.576875108571268,0.989518294713905,7.576366676142015,0.9895146406529008,0.006710543347432141,69.421440970347,0.9810469493804415,0.9711594270557409,-0.015684953654202274,0.003788619743671424,0.0002766504370843548,3.767056376596191,0.003575604956658431,0.0018404561045140056,2.067109437892217,2.0705731101661278,-264.8502660974596,0.40508304000372347,4.3655745685100194e-11,10784.0,itc_relax_seed01.dat,itc_relax_seed01,10001,1000,0.05000000000001137,0.5,300.0,0.25,2.9715987651142086,1.7562824096660279,0.8008188689927177,0.06133127165090413,6.445611085910197,PASS,NONE,True,ITC_300K_20seeds\itc_relax_seed01\itc_relax_seed01_Fig1_thermal_relaxation.png|ITC_300K_20seeds\itc_relax_seed01\itc_relax_seed01_Fig1_thermal_relaxation.pdf|ITC_300K_20seeds\itc_relax_seed01\itc_relax_seed01_Fig2_energy_integral.png|ITC_300K_20seeds\itc_relax_seed01\itc_relax_seed01_Fig2_energy_integral.pdf|ITC_300K_20seeds\itc_relax_seed01\itc_relax_seed01_FigS1_stability.png|ITC_300K_20seeds\itc_relax_seed01\itc_relax_seed01_FigS1_stability.pdf|ITC_300K_20seeds\itc_relax_seed01\itc_relax_seed01_FigS2_fit_sensitivity.png|ITC_300K_20seeds\itc_relax_seed01\itc_relax_seed01_FigS2_fit_sensitivity.pdf
MoS2,h-AlN,1.0,88.0,87.0,51.98542553269408,13.061353439998072,True,296.37491940601404,300.4455973085667,300.447102171345,300.0,50.0,1.0,LB,1000002,317.95252225519005,267.95252225519005,6912.0,3872.0,19451.936377515,194.51936377515003,6873656.054163955,6.8736560541639555,0.08791769339974545,1.4548298490935043e-07,14.548298490935043,0.972476590248174,1.0236952771226357,6.8738979418532145,0.9724771646179344,6.8734141664747,0.9724760140317618,0.007038108609187938,72.54685651815163,0.9579404621527252,0.9356766858259787,-0.016598426604611426,0.003963664017667484,0.00029893777848637886,3.7682484566209276,0.002880921444630751,0.003941962602552005,2.079904532892629,2.084496496405582,-264.6743775137125,0.3874710730672053,5.1659299060702405e-11,10784.0,itc_relax_seed02.dat,itc_relax_seed02,10001,1000,0.05000000000001137,0.5,300.0,0.25,0.44559730856667557,3.9708510653881604,1.967490639130141,1.5673720318408468,10.184195221524337,ENERGY_FIT_R2<0.98,NONE,False,ITC_300K_20seeds\itc_relax_seed02\itc_relax_seed02_Fig1_thermal_relaxation.png|ITC_300K_20seeds\itc_relax_seed02\itc_relax_seed02_Fig1_thermal_relaxation.pdf|ITC_300K_20seeds\itc_relax_seed02\itc_relax_seed02_Fig2_energy_integral.png|ITC_300K_20seeds\itc_relax_seed02\itc_relax_seed02_Fig2_energy_integral.pdf|ITC_300K_20seeds\itc_relax_seed02\itc_relax_seed02_FigS1_stability.png|ITC_300K_20seeds\itc_relax_seed02\itc_relax_seed02_FigS1_stability.pdf|ITC_300K_20seeds\itc_relax_seed02\itc_relax_seed02_FigS2_fit_sensitivity.png|ITC_300K_20seeds\itc_relax_seed02\itc_relax_seed02_FigS2_fit_sensitivity.pdf
MoS2,h-AlN,1.0,87.0,86.0,47.148226187001086,10.875356110683981,True,294.71584059509956,298.03522687685415,298.0378490719543,300.0,50.0,1.0,LB,1000004,317.95252225519005,267.95252225519005,6912.0,3872.0,19451.936377515,194.51936377515003,8233345.456097369,8.23334545609737,0.13000805591706413,1.214573110447382e-07,12.145731104473821,0.9591068147982077,1.166185259697311,8.233541596185864,0.9591061632093065,8.233149316008873,0.9591074646652249,0.004764529547344021,68.89323813649055,0.9461198872889133,0.936123256732283,-0.010172245082294215,0.002448752947708353,0.00021019235975489032,3.7677780064692894,0.0038720782610660526,0.002520537630308731,2.1053583812738452,2.109717082410861,-264.67934246482787,0.5156039226693881,4.43833414465193e-11,10784.0,itc_relax_seed03.dat,itc_relax_seed03,10001,1000,0.05000000000001137,0.5,300.0,0.25,1.9647731231458465,5.703547625997828,0.13036063493041952,1.4092730407740568,23.40060407850533,ENERGY_FIT_R2<0.98,NONE,False,ITC_300K_20seeds\itc_relax_seed03\itc_relax_seed03_Fig1_thermal_relaxation.png|ITC_300K_20seeds\itc_relax_seed03\itc_relax_seed03_Fig1_thermal_relaxation.pdf|ITC_300K_20seeds\itc_relax_seed03\itc_relax_seed03_Fig2_energy_integral.png|ITC_300K_20seeds\itc_relax_seed03\itc_relax_seed03_Fig2_energy_integral.pdf|ITC_300K_20seeds\itc_relax_seed03\itc_relax_seed03_FigS1_stability.png|ITC_300K_20seeds\itc_relax_seed03\itc_relax_seed03_FigS1_stability.pdf|ITC_300K_20seeds\itc_relax_seed03\itc_relax_seed03_FigS2_fit_sensitivity.png|ITC_300K_20seeds\itc_relax_seed03\itc_relax_seed03_FigS2_fit_sensitivity.pdf
MoS2,h-AlN,1.0,92.0,91.0,48.680686715474025,12.687173907849001,True,297.73500315935036,301.8383232900083,301.8483746334031,300.0,50.0,1.0,LB,1000005,317.95252225519005,267.95252225519005,6912.0,3872.0,19451.936377515,194.51936377515003,7493673.496372579,7.493673496372579,0.107993660696295,1.3344589946226833e-07,13.344589946226833,0.9637707528073026,1.3757307650902535,7.494016107590742,0.9637630563685854,7.493330885154415,0.9637784479082059,0.009144012434732415,63.74406118916366,0.9470292373853891,0.9595766832587993,-0.027048692181629887,0.006429358578272863,0.00034234939737423176,3.7679632407775987,0.0034310356023735888,0.005074517063530571,2.0914122093658634,2.095390246955083,-264.6390629862612,0.48493683756453976,4.3655745685100904e-11,10784.0,itc_relax_seed04.dat,itc_relax_seed04,10001,1000,0.05000000000001137,0.5,300.0,0.25,1.8383232900083044,2.638626569051951,2.3190490596977575,1.4844946451434133,26.435494595669486,ENERGY_FIT_R2<0.98,NONE,False,ITC_300K_20seeds\itc_relax_seed04\itc_relax_seed04_Fig1_thermal_relaxation.png|ITC_300K_20seeds\itc_relax_seed04\itc_relax_seed04_Fig1_thermal_relaxation.pdf|ITC_300K_20seeds\itc_relax_seed04\itc_relax_seed04_Fig2_energy_integral.png|ITC_300K_20seeds\itc_relax_seed04\itc_relax_seed04_Fig2_energy_integral.pdf|ITC_300K_20seeds\itc_relax_seed04\itc_relax_seed04_FigS1_stability.png|ITC_300K_20seeds\itc_relax_seed04\itc_relax_seed04_FigS1_stability.pdf|ITC_300K_20seeds\itc_relax_seed04\itc_relax_seed04_FigS2_fit_sensitivity.png|ITC_300K_20seeds\itc_relax_seed04\itc_relax_seed04_FigS2_fit_sensitivity.pdf
MoS2,h-AlN,1.0,110.0,109.0,52.171480457803995,14.932536019376982,True,298.3419167793872,302.1075928752619,302.1114471966316,300.0,50.0,1.0,LB,2000005,317.95252225519005,267.95252225519005,6912.0,3872.0,19451.936377515,194.51936377515003,6221377.923007185,6.221377923007185,0.06905268951923171,1.6073609614711154e-07,16.073609614711152,0.9739630421006809,1.0102648641843026,6.221642566135185,0.9739676429825549,6.22111327987918,0.973958438870365,0.008507540653457341,92.42518398664399,0.9528075934458757,0.9469297328392067,-0.01720880951650313,0.004086814663043566,0.0002911463924126383,3.7688701850874944,0.003627286067440409,0.0007149350626372885,2.11121905323731,2.1158482887903842,-264.4934567879406,0.45362005356019897,5.3114490583538937e-11,10784.0,itc_relax_seed05.dat,itc_relax_seed05,10001,1000,0.05000000000001137,0.5,300.0,0.25,2.1075928752619006,4.342960915607989,0.3115002722563588,1.8774014949922935,21.80598874272703,ENERGY_FIT_R2<0.98,NONE,False,ITC_300K_20seeds\itc_relax_seed05\itc_relax_seed05_Fig1_thermal_relaxation.png|ITC_300K_20seeds\itc_relax_seed05\itc_relax_seed05_Fig1_thermal_relaxation.pdf|ITC_300K_20seeds\itc_relax_seed05\itc_relax_seed05_Fig2_energy_integral.png|ITC_300K_20seeds\itc_relax_seed05\itc_relax_seed05_Fig2_energy_integral.pdf|ITC_300K_20seeds\itc_relax_seed05\itc_relax_seed05_FigS1_stability.png|ITC_300K_20seeds\itc_relax_seed05\itc_relax_seed05_FigS1_stability.pdf|ITC_300K_20seeds\itc_relax_seed05\itc_relax_seed05_FigS2_fit_sensitivity.png|ITC_300K_20seeds\itc_relax_seed05\itc_relax_seed05_FigS2_fit_sensitivity.pdf
MoS2,h-AlN,1.0,112.5,111.5,50.79086190448152,12.242889958582964,True,299.1508752594792,302.65356289594575,302.6456237718721,300.0,50.0,1.0,LB,3000003,317.95252225519005,267.95252225519005,6912.0,3872.0,19451.936377515,194.51936377515003,6909708.815712146,6.909708815712147,0.07901962528125211,1.4472389888935362e-07,14.472389888935362,0.9717854071632139,1.1104676520316088,6.909914091500603,0.9717836059586127,6.909503539923691,0.9717872064509457,0.005941662490607009,81.59902127286185,0.9660544939225681,0.9525882168292653,-0.010523131869759636,0.0024945658801225467,0.0002963391503883128,3.7689539231482483,0.004835517075259035,0.0025836689283772803,2.096791773296443,2.1011883538716165,-264.48092331896595,0.43621035060441493,4.6566128730773915e-11,10784.0,itc_relax_seed06.dat,itc_relax_seed06,10001,1000,0.05000000000001137,0.5,300.0,0.25,2.653562895945754,1.5817238089630334,3.4912699878027067,1.3175085014592776,21.891641202979063,ENERGY_FIT_R2<0.98,NONE,False,ITC_300K_20seeds\itc_relax_seed06\itc_relax_seed06_Fig1_thermal_relaxation.png|ITC_300K_20seeds\itc_relax_seed06\itc_relax_seed06_Fig1_thermal_relaxation.pdf|ITC_300K_20seeds\itc_relax_seed06\itc_relax_seed06_Fig2_energy_integral.png|ITC_300K_20seeds\itc_relax_seed06\itc_relax_seed06_Fig2_energy_integral.pdf|ITC_300K_20seeds\itc_relax_seed06\itc_relax_seed06_FigS1_stability.png|ITC_300K_20seeds\itc_relax_seed06\itc_relax_seed06_FigS1_stability.pdf|ITC_300K_20seeds\itc_relax_seed06\itc_relax_seed06_FigS2_fit_sensitivity.png|ITC_300K_20seeds\itc_relax_seed06\itc_relax_seed06_FigS2_fit_sensitivity.pdf
MoS2,h-AlN,1.0,86.5,85.5,43.38043778112498,10.608484142080044,True,294.3186306626532,297.87931192551446,297.8882942608972,300.0,50.0,1.0,LB,9000009,317.95252225519005,267.95252225519005,6912.0,3872.0,19451.936377515,194.51936377515003,7537061.963580134,7.537061963580134,0.09852927560010347,1.326776938855092e-07,13.267769388550919,0.9717682351203861,0.9870067444485318,7.5374055900827965,0.971770414415868,7.5367183370774695,0.9717660539754823,0.009118314386263551,64.30057446460039,0.9483498334322495,0.9442007573389293,-0.021456337793999698,0.005167863236036368,0.00024224096807992868,3.7676846538839674,0.0031266393965966232,-0.0001552168083162341,2.1013212004775785,2.1060969773592038,-264.7520904154842,0.352166195456042,3.41970007866624e-11,10784.0,itc_relax_seed07.dat,itc_relax_seed07,10001,1000,0.05000000000001137,0.5,300.0,0.25,2.1206880744855425,13.239124437750036,1.1521205112256188,0.5792011857219791,14.509589014010265,ENERGY_FIT_R2<0.98,NONE,False,ITC_300K_20seeds\itc_relax_seed07\itc_relax_seed07_Fig1_thermal_relaxation.png|ITC_300K_20seeds\itc_relax_seed07\itc_relax_seed07_Fig1_thermal_relaxation.pdf|ITC_300K_20seeds\itc_relax_seed07\itc_relax_seed07_Fig2_energy_integral.png|ITC_300K_20seeds\itc_relax_seed07\itc_relax_seed07_Fig2_energy_integral.pdf|ITC_300K_20seeds\itc_relax_seed07\itc_relax_seed07_FigS1_stability.png|ITC_300K_20seeds\itc_relax_seed07\itc_relax_seed07_FigS1_stability.pdf|ITC_300K_20seeds\itc_relax_seed07\itc_relax_seed07_FigS2_fit_sensitivity.png|ITC_300K_20seeds\itc_relax_seed07\itc_relax_seed07_FigS2_fit_sensitivity.pdf
MoS2,h-AlN,1.0,77.5,76.5,50.32861819008849,12.915768500101024,True,294.67460074135045,298.71962417586946,298.72194535735065,300.0,50.0,1.0,LB,1999993,317.95252225519005,267.95252225519005,6912.0,3872.0,19451.936377515,194.51936377515003,9096351.458533086,9.096351458533086,0.10428516632993823,1.0993418675153785e-07,10.993418675153785,0.9804132061301917,0.9910739092271093,9.09671181373156,0.9804131751290663,9.095991103334615,0.9804132361735157,0.007923071137137423,56.48567173364639,0.9736275308652035,0.9655423501768987,-0.02477586638101071,0.005950601288624489,0.0002654676002556987,3.7668667511687373,0.002510263616376201,0.0024704167493977375,2.10003263347883,2.1045851322206826,-264.85528906684493,0.3502948050514807,5.056790541857487e-11,10784.0,itc_relax_seed08.dat,itc_relax_seed08,10001,1000,0.05000000000001137,0.5,300.0,0.25,1.2803758241305445,0.6572363801769825,10.181155283809815,2.011708219749233,14.287408630353426,PASS,BLOCK_SIZE_SENSITIVITY,True,ITC_300K_20seeds\itc_relax_seed08\itc_relax_seed08_Fig1_thermal_relaxation.png|ITC_300K_20seeds\itc_relax_seed08\itc_relax_seed08_Fig1_thermal_relaxation.pdf|ITC_300K_20seeds\itc_relax_seed08\itc_relax_seed08_Fig2_energy_integral.png|ITC_300K_20seeds\itc_relax_seed08\itc_relax_seed08_Fig2_energy_integral.pdf|ITC_300K_20seeds\itc_relax_seed08\itc_relax_seed08_FigS1_stability.png|ITC_300K_20seeds\itc_relax_seed08\itc_relax_seed08_FigS1_stability.pdf|ITC_300K_20seeds\itc_relax_seed08\itc_relax_seed08_FigS2_fit_sensitivity.png|ITC_300K_20seeds\itc_relax_seed08\itc_relax_seed08_FigS2_fit_sensitivity.pdf
MoS2,h-AlN,1.0,79.0,78.0,45.486991297835004,11.46987055845193,True,294.8546438402063,298.3563537719335,298.3408554969141,300.0,50.0,1.0,LB,1888889,317.95252225519005,267.95252225519005,6912.0,3872.0,19451.936377515,194.51936377515003,8925608.311603202,8.925608311603202,0.10683012691144131,1.120371816786997e-07,11.20371816786997,0.9782777056585003,0.8866088252723439,8.926023423705088,0.9782799375507958,8.925193199501313,0.9782754725729618,0.009301597995236048,60.269203381708564,0.9733108884242322,0.9679079899955487,-0.024175264386259342,0.005813419959456968,0.00023061700641728236,3.7687172432556753,0.003076440727606867,0.003991198139339996,2.1165402101781567,2.1210626721710777,-264.55497496839934,0.415258816957682,3.71073838323353e-11,10784.0,itc_relax_seed09.dat,itc_relax_seed09,10001,1000,0.05000000000001137,0.5,300.0,0.25,1.6436462280664728,9.026017404329991,0.07013040096660886,0.8607465746049817,17.318020301972865,ENERGY_FIT_R2<0.98,NONE,False,ITC_300K_20seeds\itc_relax_seed09\itc_relax_seed09_Fig1_thermal_relaxation.png|ITC_300K_20seeds\itc_relax_seed09\itc_relax_seed09_Fig1_thermal_relaxation.pdf|ITC_300K_20seeds\itc_relax_seed09\itc_relax_seed09_Fig2_energy_integral.png|ITC_300K_20seeds\itc_relax_seed09\itc_relax_seed09_Fig2_energy_integral.pdf|ITC_300K_20seeds\itc_relax_seed09\itc_relax_seed09_FigS1_stability.png|ITC_300K_20seeds\itc_relax_seed09\itc_relax_seed09_FigS1_stability.pdf|ITC_300K_20seeds\itc_relax_seed09\itc_relax_seed09_FigS2_fit_sensitivity.png|ITC_300K_20seeds\itc_relax_seed09\itc_relax_seed09_FigS2_fit_sensitivity.pdf
MoS2,h-AlN,1.0,77.0,76.0,49.30055485740746,12.416726848413987,True,295.3805935440833,299.6649986512126,299.66052965963263,300.0,50.0,1.0,LB,1333337,317.95252225519005,267.95252225519005,6912.0,3872.0,19451.936377515,194.51936377515003,8209478.961148418,8.209478961148417,0.08973888199670216,1.2181041022609682e-07,12.181041022609682,0.9822768474426572,0.9004444063119558,8.209861625753831,0.9822778621144228,8.209096296543008,0.9822758313524952,0.009322506512841352,61.71598372942827,0.9606702462389266,0.9514527092061231,-0.028935891177606983,0.006927820057935043,0.00026007290409476056,3.7694176879850994,0.0023360017493510164,0.002098584371179674,2.120118263378728,2.124937906245153,-264.44059456424344,0.3784799744342572,4.3291947804391405e-11,10784.0,itc_relax_seed10.dat,itc_relax_seed10,10001,1000,0.05000000000001137,0.5,300.0,0.25,0.33500134878738663,1.3988902851850753,2.146916405362681,0.7486179473951737,13.371564814731792,PASS,NONE,True,ITC_300K_20seeds\itc_relax_seed10\itc_relax_seed10_Fig1_thermal_relaxation.png|ITC_300K_20seeds\itc_relax_seed10\itc_relax_seed10_Fig1_thermal_relaxation.pdf|ITC_300K_20seeds\itc_relax_seed10\itc_relax_seed10_Fig2_energy_integral.png|ITC_300K_20seeds\itc_relax_seed10\itc_relax_seed10_Fig2_energy_integral.pdf|ITC_300K_20seeds\itc_relax_seed10\itc_relax_seed10_FigS1_stability.png|ITC_300K_20seeds\itc_relax_seed10\itc_relax_seed10_FigS1_stability.pdf|ITC_300K_20seeds\itc_relax_seed10\itc_relax_seed10_FigS2_fit_sensitivity.png|ITC_300K_20seeds\itc_relax_seed10\itc_relax_seed10_FigS2_fit_sensitivity.pdf
MoS2,h-AlN,1.0,118.0,117.0,46.15289871867904,12.860273370458003,True,297.4785455691964,301.2346041190886,301.2403128793385,300.0,50.0,1.0,LB,1777771,317.95252225519005,267.95252225519005,6912.0,3872.0,19451.936377515,194.51936377515003,5541861.530927279,5.541861530927279,0.08922648704605399,1.804447827538335e-07,18.044478275383348,0.9430409519634443,1.5131294621816975,5.542142045018373,0.9430501132174459,5.541581016836184,0.9430317873923592,0.010123460845386867,85.61376974254138,0.9243057443561618,0.9349076538633274,-0.01856867197730038,0.004422539705231451,0.0003324563151170997,3.7686499830694484,0.0033855402581015773,0.0014932089251031373,2.0833813434081256,2.087545764457769,-264.5213491830155,0.4169466515407132,4.4383341446519e-11,10784.0,itc_relax_seed11.dat,itc_relax_seed11,10001,1000,0.05000000000001137,0.5,300.0,0.25,1.2346041190886012,7.6942025626419195,2.4023230058133285,0.40744728144123876,32.65336455476572,ENERGY_FIT_R2<0.98,NONE,False,ITC_300K_20seeds\itc_relax_seed11\itc_relax_seed11_Fig1_thermal_relaxation.png|ITC_300K_20seeds\itc_relax_seed11\itc_relax_seed11_Fig1_thermal_relaxation.pdf|ITC_300K_20seeds\itc_relax_seed11\itc_relax_seed11_Fig2_energy_integral.png|ITC_300K_20seeds\itc_relax_seed11\itc_relax_seed11_Fig2_energy_integral.pdf|ITC_300K_20seeds\itc_relax_seed11\itc_relax_seed11_FigS1_stability.png|ITC_300K_20seeds\itc_relax_seed11\itc_relax_seed11_FigS1_stability.pdf|ITC_300K_20seeds\itc_relax_seed11\itc_relax_seed11_FigS2_fit_sensitivity.png|ITC_300K_20seeds\itc_relax_seed11\itc_relax_seed11_FigS2_fit_sensitivity.pdf
MoS2,h-AlN,1.0,95.5,94.5,47.25464440443406,12.595578691265985,True,297.9261892092653,301.6052503970528,301.59890843507304,300.0,50.0,1.0,LB,2444447,317.95252225519005,267.95252225519005,6912.0,3872.0,19451.936377515,194.51936377515003,7027632.304257908,7.027632304257908,0.07948359825249256,1.4229543560412503e-07,14.229543560412504,0.9765158880998892,0.9341364556328776,7.028038043095524,0.9765151234712529,7.027226565420297,0.976516650219175,0.011546956927951248,74.12413201844639,0.9695928874934034,0.9551922461073092,-0.025931025554118126,0.006168457142131871,0.00028214937901523867,3.767992636408806,0.0028867819584899148,0.0021393112703463114,2.0824148277675834,2.086559371129506,-264.59016123937323,0.37393943645061245,4.3655745685100504e-11,10784.0,itc_relax_seed12.dat,itc_relax_seed12,10001,1000,0.05000000000001137,0.5,300.0,0.25,1.6052503970528278,5.490711191131879,0.4465266768893204,0.42890529921705295,7.261495107944082,ENERGY_FIT_R2<0.98,NONE,False,ITC_300K_20seeds\itc_relax_seed12\itc_relax_seed12_Fig1_thermal_relaxation.png|ITC_300K_20seeds\itc_relax_seed12\itc_relax_seed12_Fig1_thermal_relaxation.pdf|ITC_300K_20seeds\itc_relax_seed12\itc_relax_seed12_Fig2_energy_integral.png|ITC_300K_20seeds\itc_relax_seed12\itc_relax_seed12_Fig2_energy_integral.pdf|ITC_300K_20seeds\itc_relax_seed12\itc_relax_seed12_FigS1_stability.png|ITC_300K_20seeds\itc_relax_seed12\itc_relax_seed12_FigS1_stability.pdf|ITC_300K_20seeds\itc_relax_seed12\itc_relax_seed12_FigS2_fit_sensitivity.png|ITC_300K_20seeds\itc_relax_seed12\itc_relax_seed12_FigS2_fit_sensitivity.pdf
MoS2,h-AlN,1.0,107.5,106.5,54.49708056268548,12.638026029825994,True,296.88129411844903,300.99048189187033,300.99697049303523,300.0,50.0,1.0,LB,3555559,317.95252225519005,267.95252225519005,6912.0,3872.0,19451.936377515,194.51936377515003,5842435.7885231925,5.842435788523193,0.06567157635795151,1.711614874680159e-07,17.116148746801592,0.9739130659956983,1.0252820262191962,5.8426871826716695,0.9739143801580484,5.8421843943747165,0.9739117497852975,0.008605799278811862,91.67616266392221,0.9602668270002513,0.9454482579780853,-0.017834524871497063,0.0042511314841378375,0.0002760921274339476,3.768588753151738,0.004739906884382529,0.0021710701022293823,2.1221507050388406,2.1264810712487487,-264.60383594103627,0.4175461422122029,4.3291947804391295e-11,10784.0,itc_relax_seed13.dat,itc_relax_seed13,10001,1000,0.05000000000001137,0.5,300.0,0.25,0.9904818918703313,8.994161125370965,0.7688645554097799,1.124110764574366,7.1933218460301065,ENERGY_FIT_R2<0.98,NONE,False,ITC_300K_20seeds\itc_relax_seed13\itc_relax_seed13_Fig1_thermal_relaxation.png|ITC_300K_20seeds\itc_relax_seed13\itc_relax_seed13_Fig1_thermal_relaxation.pdf|ITC_300K_20seeds\itc_relax_seed13\itc_relax_seed13_Fig2_energy_integral.png|ITC_300K_20seeds\itc_relax_seed13\itc_relax_seed13_Fig2_energy_integral.pdf|ITC_300K_20seeds\itc_relax_seed13\itc_relax_seed13_FigS1_stability.png|ITC_300K_20seeds\itc_relax_seed13\itc_relax_seed13_FigS1_stability.pdf|ITC_300K_20seeds\itc_relax_seed13\itc_relax_seed13_FigS2_fit_sensitivity.png|ITC_300K_20seeds\itc_relax_seed13\itc_relax_seed13_FigS2_fit_sensitivity.pdf
MoS2,h-AlN,1.0,98.0,97.0,55.94309774629005,14.914539185806063,True,294.1991985291077,298.42737168937407,298.4213221159384,300.0,50.0,1.0,LB,4666663,317.95252225519005,267.95252225519005,6912.0,3872.0,19451.936377515,194.51936377515003,7194727.031269675,7.194727031269675,0.059216885787537206,1.3899067965383628e-07,13.899067965383628,0.987094391722156,0.8236172300159266,7.195027244890909,0.9870941698253509,7.194426817648443,0.9870946123467008,0.00834537905129332,76.08951742072853,0.9772878767066048,0.968625322482864,-0.021136875164692117,0.005081569672123773,0.0003101899393221698,3.767588358752143,0.0043868156390639195,0.0021359424643162847,2.0824530635857257,2.0861925515844386,-264.74755868647986,0.5219788405962982,4.802132025361117e-11,10784.0,itc_relax_seed14.dat,itc_relax_seed14,10001,1000,0.05000000000001137,0.5,300.0,0.25,1.5726283106259302,11.8861954925801,0.021397997940369517,0.7492882187267053,9.365053428444986,PASS,NONE,True,ITC_300K_20seeds\itc_relax_seed14\itc_relax_seed14_Fig1_thermal_relaxation.png|ITC_300K_20seeds\itc_relax_seed14\itc_relax_seed14_Fig1_thermal_relaxation.pdf|ITC_300K_20seeds\itc_relax_seed14\itc_relax_seed14_Fig2_energy_integral.png|ITC_300K_20seeds\itc_relax_seed14\itc_relax_seed14_Fig2_energy_integral.pdf|ITC_300K_20seeds\itc_relax_seed14\itc_relax_seed14_FigS1_stability.png|ITC_300K_20seeds\itc_relax_seed14\itc_relax_seed14_FigS1_stability.pdf|ITC_300K_20seeds\itc_relax_seed14\itc_relax_seed14_FigS2_fit_sensitivity.png|ITC_300K_20seeds\itc_relax_seed14\itc_relax_seed14_FigS2_fit_sensitivity.pdf
MoS2,h-AlN,1.0,134.5,133.5,44.88274442678903,11.029058318571003,True,293.48932077932375,296.90994481155275,296.91715703596105,300.0,50.0,1.0,LB,5777779,317.95252225519005,267.95252225519005,6912.0,3872.0,19451.936377515,194.51936377515003,5206847.0932180025,5.206847093218003,0.050134996062176994,1.9205480439448957e-07,19.205480439448955,0.9759323507801624,0.924465550955523,5.206971544993916,0.9759332710772527,5.20672264144209,0.9759314283854896,0.004780312295908482,97.64571687825877,0.9679646497616995,0.952818999317631,-0.007075964585794439,0.0017098446838241152,0.00022237664167195812,3.766855026143517,0.0052650607723973555,0.0033483053111351335,2.0412444533966996,2.0462234565301927,-264.7585248310408,0.49071789831684576,4.40195435658096e-11,10784.0,itc_relax_seed15.dat,itc_relax_seed15,10001,1000,0.05000000000001137,0.5,300.0,0.25,3.090055188447252,10.234511146421937,3.0191779257087843,0.5790804960842926,6.9692321184157136,ENERGY_FIT_R2<0.98,NONE,False,ITC_300K_20seeds\itc_relax_seed15\itc_relax_seed15_Fig1_thermal_relaxation.png|ITC_300K_20seeds\itc_relax_seed15\itc_relax_seed15_Fig1_thermal_relaxation.pdf|ITC_300K_20seeds\itc_relax_seed15\itc_relax_seed15_Fig2_energy_integral.png|ITC_300K_20seeds\itc_relax_seed15\itc_relax_seed15_Fig2_energy_integral.pdf|ITC_300K_20seeds\itc_relax_seed15\itc_relax_seed15_FigS1_stability.png|ITC_300K_20seeds\itc_relax_seed15\itc_relax_seed15_FigS1_stability.pdf|ITC_300K_20seeds\itc_relax_seed15\itc_relax_seed15_FigS2_fit_sensitivity.png|ITC_300K_20seeds\itc_relax_seed15\itc_relax_seed15_FigS2_fit_sensitivity.pdf
MoS2,h-AlN,1.0,73.0,72.0,47.31986946689253,11.717558811675985,True,295.76011509144547,299.5510072470824,299.5529497158088,300.0,50.0,1.0,LB,6888881,317.95252225519005,267.95252225519005,6912.0,3872.0,19451.936377515,194.51936377515003,8947541.738628687,8.947541738628688,0.13366091186684784,1.1176254095387561e-07,11.176254095387561,0.9690760286865825,1.1034718218350463,8.947868750893527,0.9690762878974298,8.947214726363844,0.9690757678151781,0.007309544328326837,54.24392299287417,0.9485765263674718,0.9517129470422305,-0.022180928619718595,0.005312570373232999,0.00026559949958988345,3.767256220727018,0.00277354055171572,-0.0028684556159596494,2.0460569099607193,2.0504465932706557,-264.66579813998493,0.292108181369418,4.256435204297278e-11,10784.0,itc_relax_seed16.dat,itc_relax_seed16,10001,1000,0.05000000000001137,0.5,300.0,0.25,0.4489927529176043,5.360261066214946,0.7330608646758248,0.44609123611978097,21.85112551222401,ENERGY_FIT_R2<0.98,NONE,False,ITC_300K_20seeds\itc_relax_seed16\itc_relax_seed16_Fig1_thermal_relaxation.png|ITC_300K_20seeds\itc_relax_seed16\itc_relax_seed16_Fig1_thermal_relaxation.pdf|ITC_300K_20seeds\itc_relax_seed16\itc_relax_seed16_Fig2_energy_integral.png|ITC_300K_20seeds\itc_relax_seed16\itc_relax_seed16_Fig2_energy_integral.pdf|ITC_300K_20seeds\itc_relax_seed16\itc_relax_seed16_FigS1_stability.png|ITC_300K_20seeds\itc_relax_seed16\itc_relax_seed16_FigS1_stability.pdf|ITC_300K_20seeds\itc_relax_seed16\itc_relax_seed16_FigS2_fit_sensitivity.png|ITC_300K_20seeds\itc_relax_seed16\itc_relax_seed16_FigS2_fit_sensitivity.pdf
MoS2,h-AlN,1.0,127.5,126.5,48.488750864980034,11.909477165781027,True,296.0970112742729,299.5524279928431,299.55181817718494,300.0,50.0,1.0,LB,7111117,317.95252225519005,267.95252225519005,6912.0,3872.0,19451.936377515,194.51936377515003,5709611.063125859,5.709611063125859,0.061474923926528244,1.7514327840266702e-07,17.514327840266702,0.9716157110673854,1.0323285230712027,5.709731890735603,0.971619183201695,5.709490235516115,0.9716122367002762,0.00423242873842174,99.06552326971403,0.9570293098122001,0.9496195503144068,-0.006936683183369497,0.0016614021629533231,0.00022067623371244992,3.767938365876991,0.003666033410801374,0.0016708166117854132,2.101155469115167,2.10540282056206,-264.70963019297955,0.44412342436341967,3.74711817130452e-11,10784.0,itc_relax_seed17.dat,itc_relax_seed17,10001,1000,0.05000000000001137,0.5,300.0,0.25,0.44757200715690715,3.0224982700399323,0.06375467777547872,0.8083985534577142,21.30003600498536,ENERGY_FIT_R2<0.98,NONE,False,ITC_300K_20seeds\itc_relax_seed17\itc_relax_seed17_Fig1_thermal_relaxation.png|ITC_300K_20seeds\itc_relax_seed17\itc_relax_seed17_Fig1_thermal_relaxation.pdf|ITC_300K_20seeds\itc_relax_seed17\itc_relax_seed17_Fig2_energy_integral.png|ITC_300K_20seeds\itc_relax_seed17\itc_relax_seed17_Fig2_energy_integral.pdf|ITC_300K_20seeds\itc_relax_seed17\itc_relax_seed17_FigS1_stability.png|ITC_300K_20seeds\itc_relax_seed17\itc_relax_seed17_FigS1_stability.pdf|ITC_300K_20seeds\itc_relax_seed17\itc_relax_seed17_FigS2_fit_sensitivity.png|ITC_300K_20seeds\itc_relax_seed17\itc_relax_seed17_FigS2_fit_sensitivity.pdf
MoS2,h-AlN,1.0,85.5,84.5,51.38514947809699,14.907931633805958,True,298.85541612752036,302.9600402405031,302.94503639042915,300.0,50.0,1.0,LB,8222221,317.95252225519005,267.95252225519005,6912.0,3872.0,19451.936377515,194.51936377515003,7541355.850745145,7.541355850745145,0.07593683040939264,1.326021500366134e-07,13.26021500366134,0.98325134661402,0.8493379478993343,7.541729282868392,0.9832517641789634,7.5409824186219,0.9832509270759178,0.009903580487022725,66.93259402660696,0.9700455321633068,0.9691147092038319,-0.027574377198114453,0.006530044161889247,0.00033147022416142407,3.7690400969028612,0.003349395487376056,0.0036818306564920847,2.1007360467168303,2.104664865063524,-264.5051048163187,0.42023139537004234,4.18367562815547e-11,10784.0,itc_relax_seed18.dat,itc_relax_seed18,10001,1000,0.05000000000001137,0.5,300.0,0.25,2.9600402405030763,2.770298956193983,1.7309316431625945,0.22524092174430946,8.116590550117255,PASS,NONE,True,ITC_300K_20seeds\itc_relax_seed18\itc_relax_seed18_Fig1_thermal_relaxation.png|ITC_300K_20seeds\itc_relax_seed18\itc_relax_seed18_Fig1_thermal_relaxation.pdf|ITC_300K_20seeds\itc_relax_seed18\itc_relax_seed18_Fig2_energy_integral.png|ITC_300K_20seeds\itc_relax_seed18\itc_relax_seed18_Fig2_energy_integral.pdf|ITC_300K_20seeds\itc_relax_seed18\itc_relax_seed18_FigS1_stability.png|ITC_300K_20seeds\itc_relax_seed18\itc_relax_seed18_FigS1_stability.pdf|ITC_300K_20seeds\itc_relax_seed18\itc_relax_seed18_FigS2_fit_sensitivity.png|ITC_300K_20seeds\itc_relax_seed18\itc_relax_seed18_FigS2_fit_sensitivity.pdf
MoS2,h-AlN,1.0,81.5,80.5,48.95423246590602,12.381277614767953,True,296.4431328963827,300.36668475229123,300.36031029364585,300.0,50.0,1.0,LB,8444443,317.95252225519005,267.95252225519005,6912.0,3872.0,19451.936377515,194.51936377515003,8680402.912017534,8.680402912017534,0.11893699133353547,1.1520202577412113e-07,11.520202577412114,0.9708377671091284,1.1865454601028542,8.680642443980558,0.9708398654467987,8.680163380054505,0.9708356675072777,0.005518913475652897,57.68466940610794,0.9543491060063427,0.9459985642874815,-0.015588260900292365,0.003723416859275597,0.00020670817832355658,3.768024816182347,0.003645476515355609,0.0034546610785592003,2.106046835649904,2.1105293647113332,-264.643275677489,0.4886951623102801,3.78349795937539e-11,10784.0,itc_relax_seed19.dat,itc_relax_seed19,10001,1000,0.05000000000001137,0.5,300.0,0.25,0.3666847522912349,2.091535068187966,0.9748653259142229,0.6206329144274091,21.47764296174212,ENERGY_FIT_R2<0.98,NONE,False,ITC_300K_20seeds\itc_relax_seed19\itc_relax_seed19_Fig1_thermal_relaxation.png|ITC_300K_20seeds\itc_relax_seed19\itc_relax_seed19_Fig1_thermal_relaxation.pdf|ITC_300K_20seeds\itc_relax_seed19\itc_relax_seed19_Fig2_energy_integral.png|ITC_300K_20seeds\itc_relax_seed19\itc_relax_seed19_Fig2_energy_integral.pdf|ITC_300K_20seeds\itc_relax_seed19\itc_relax_seed19_FigS1_stability.png|ITC_300K_20seeds\itc_relax_seed19\itc_relax_seed19_FigS1_stability.pdf|ITC_300K_20seeds\itc_relax_seed19\itc_relax_seed19_FigS2_fit_sensitivity.png|ITC_300K_20seeds\itc_relax_seed19\itc_relax_seed19_FigS2_fit_sensitivity.pdf
MoS2,h-AlN,1.0,88.0,87.0,47.61103148763303,11.996505292290976,True,297.1367931318915,300.9696598544045,300.971120337287,300.0,50.0,1.0,LB,8777777,317.95252225519005,267.95252225519005,6912.0,3872.0,19451.936377515,194.51936377515003,7603299.029291614,7.603299029291614,0.08880774971296491,1.3152185599270955e-07,13.152185599270954,0.9769424752050175,0.9774081545654103,7.603771860885613,0.9769432949043617,7.602826197697614,0.9769416536698344,0.012437537762952523,64.01619498760006,0.9632795546983789,0.9589250839355097,-0.0316460805212122,0.0075438486614974164,0.0003187686479037919,3.768041136405427,0.003376112038829888,0.001509345038952461,2.082051927159975,2.086431330897216,-264.5828183970687,0.3706180008629114,4.8021320253610705e-11,10784.0,itc_relax_seed20.dat,itc_relax_seed20,10001,1000,0.05000000000001137,0.5,300.0,0.25,0.9696598544044832,4.777937024733944,2.43387575800228,0.16187067013325723,15.077109374612593,ENERGY_FIT_R2<0.98,NONE,False,ITC_300K_20seeds\itc_relax_seed20\itc_relax_seed20_Fig1_thermal_relaxation.png|ITC_300K_20seeds\itc_relax_seed20\itc_relax_seed20_Fig1_thermal_relaxation.pdf|ITC_300K_20seeds\itc_relax_seed20\itc_relax_seed20_Fig2_energy_integral.png|ITC_300K_20seeds\itc_relax_seed20\itc_relax_seed20_Fig2_energy_integral.pdf|ITC_300K_20seeds\itc_relax_seed20\itc_relax_seed20_FigS1_stability.png|ITC_300K_20seeds\itc_relax_seed20\itc_relax_seed20_FigS1_stability.pdf|ITC_300K_20seeds\itc_relax_seed20\itc_relax_seed20_FigS2_fit_sensitivity.png|ITC_300K_20seeds\itc_relax_seed20\itc_relax_seed20_FigS2_fit_sensitivity.pdf
